{
    "pools": [
        {
            "rolls": 1,
            "bonus_rolls": 0,
            "entries": [
                {
                    "type": "item",
                    "weight": 1,
                    "quality": 0,
                    "name": "minecraft:splash_potion",
                    "functions": [
                        {
                            "function": "set_count",
                            "count": 1
                        },
                        {
                            "function": "set_nbt",
                            "tag": "{CustomPotionEffects:[{Id:2b,Amplifier:3b,Duration:200,ShowParticles:1b},{Id:15b,Amplifier:0b,Duration:220}],CustomPotionColor:11344924}"
                        },
                        {
                            "function": "set_name",
                            "name": [
                                {
                                    "text": "Stun Potion",
                                    "italic": false
                                }
                            ]
                        }
                    ]
                }
            ]
        }
    ]
}
